{"cameraMode":{"drawMode":0,"name":"Shaded","section":"Shading Mode"},"sceneLighting":false,"audioPlay":false,"sceneViewState":{"showFog":true,"showMaterialUpdate":false,"showSkybox":true,"showFlares":true,"showImageEffects":true,"showParticleSystems":true},"in2DMode":false,"pivot":{"x":10.141788482666016,"y":5.054831027984619,"z":1.989950180053711},"rotation":{"x":-0.030992567539215089,"y":-0.94101482629776,"z":0.3248371481895447,"w":-0.08950677514076233},"size":12.562372207641602,"orthographic":false}