{"cameraMode":{"drawMode":0,"name":"Shaded","section":"Shading Mode"},"sceneLighting":true,"audioPlay":false,"sceneViewState":{"showFog":true,"showMaterialUpdate":false,"showSkybox":true,"showFlares":true,"showImageEffects":true,"showParticleSystems":true},"in2DMode":false,"pivot":{"x":-115.43673706054688,"y":2.9000000953674318,"z":3.2329697608947756},"rotation":{"x":-0.17335917055606843,"y":-0.7845912575721741,"z":0.25228267908096316,"w":-0.5391814708709717},"size":52.65404510498047,"orthographic":false}