{"cameraMode":{"drawMode":0,"name":"Shaded","section":"Shading Mode"},"sceneLighting":true,"audioPlay":false,"sceneViewState":{"showFog":true,"showMaterialUpdate":false,"showSkybox":true,"showFlares":true,"showImageEffects":true,"showParticleSystems":true},"in2DMode":false,"pivot":{"x":10.41427230834961,"y":5.199338912963867,"z":2.174893379211426},"rotation":{"x":-0.18750996887683869,"y":-0.30066052079200747,"z":0.060414768755435947,"w":-0.933163046836853},"size":1.8273301124572755,"orthographic":false}