{"cameraMode":{"drawMode":0,"name":"Shaded","section":"Shading Mode"},"sceneLighting":false,"audioPlay":false,"sceneViewState":{"showFog":true,"showMaterialUpdate":false,"showSkybox":true,"showFlares":true,"showImageEffects":true,"showParticleSystems":true},"in2DMode":false,"pivot":{"x":0.23981177806854249,"y":0.10101960599422455,"z":0.8390754461288452},"rotation":{"x":0.08043506741523743,"y":-0.9078443050384522,"z":0.20464879274368287,"w":0.35702645778656008},"size":1.8977822065353394,"orthographic":false}